{
	"info": {
		"_postman_id": "c2ce75c8-30bc-4c0c-8102-a82fcce1c082",
		"name": "Ticket Calculation Application",
		"schema": "https://schema.getpostman.com/json/collection/v2.1.0/collection.json",
		"_exporter_id": "31591970"
	},
	"item": [
		{
			"name": "health",
			"request": {
				"method": "GET",
				"header": [],
				"url": {
					"raw": "http://localhost:8090/consumer-tickets-ms/tickets/tickets-pricecalc-v1/actuator/health",
					"protocol": "http",
					"host": [
						"localhost"
					],
					"port": "8090",
					"path": [
						"consumer-tickets-ms",
						"tickets",
						"tickets-pricecalc-v1",
						"actuator",
						"health"
					]
				}
			},
			"response": []
		},
		{
			"name": "no adult -scenario",
			"request": {
				"method": "POST",
				"header": [],
				"body": {
					"mode": "raw",
					"raw": "{\r\n    \"accountId\": null,\r\n    \"ticketRequests\": [\r\n        {\r\n            \"type\": \"CHILD\",\r\n            \"noOfTickets\": 3\r\n        },\r\n          {\r\n            \"type\": \"CHILD\",\r\n            \"noOfTickets\": 3\r\n        }\r\n    ]\r\n}",
					"options": {
						"raw": {
							"language": "json"
						}
					}
				},
				"url": {
					"raw": "http://localhost:8090/consumer-tickets-ms/tickets/tickets-pricecalc-v1/tickets/purchase",
					"protocol": "http",
					"host": [
						"localhost"
					],
					"port": "8090",
					"path": [
						"consumer-tickets-ms",
						"tickets",
						"tickets-pricecalc-v1",
						"tickets",
						"purchase"
					]
				}
			},
			"response": []
		},
		{
			"name": "more than 20 tickets",
			"request": {
				"method": "POST",
				"header": [],
				"body": {
					"mode": "raw",
					"raw": "{\r\n    \"accountId\": 1234,\r\n    \"ticketRequests\": [\r\n        {\r\n            \"type\": \"ADULT\",\r\n            \"noOfTickets\": 15\r\n        },\r\n          {\r\n            \"type\": \"CHILD\",\r\n            \"noOfTickets\": 7\r\n        }\r\n    ]\r\n}",
					"options": {
						"raw": {
							"language": "json"
						}
					}
				},
				"url": {
					"raw": "http://localhost:8090/consumer-tickets-ms/tickets/tickets-pricecalc-v1/tickets/purchase",
					"protocol": "http",
					"host": [
						"localhost"
					],
					"port": "8090",
					"path": [
						"consumer-tickets-ms",
						"tickets",
						"tickets-pricecalc-v1",
						"tickets",
						"purchase"
					]
				}
			},
			"response": []
		},
		{
			"name": "invalid request",
			"request": {
				"method": "POST",
				"header": [],
				"body": {
					"mode": "raw",
					"raw": "{\r\n    \"accountId\": 1234,\r\n    \"ticketRequests\": [\r\n        \r\n    ]\r\n}",
					"options": {
						"raw": {
							"language": "json"
						}
					}
				},
				"url": {
					"raw": "http://localhost:8090/consumer-tickets-ms/tickets/tickets-pricecalc-v1/tickets/purchase",
					"protocol": "http",
					"host": [
						"localhost"
					],
					"port": "8090",
					"path": [
						"consumer-tickets-ms",
						"tickets",
						"tickets-pricecalc-v1",
						"tickets",
						"purchase"
					]
				}
			},
			"response": []
		},
		{
			"name": "valid purchase",
			"request": {
				"method": "POST",
				"header": [],
				"body": {
					"mode": "raw",
					"raw": "{\r\n    \"accountId\": null,\r\n    \"ticketRequests\": [\r\n        {\r\n            \"type\": \"ADULT\",\r\n            \"noOfTickets\": 15\r\n        },\r\n          {\r\n            \"type\": \"CHILD\",\r\n            \"noOfTickets\": 7\r\n        }\r\n    ]\r\n}",
					"options": {
						"raw": {
							"language": "json"
						}
					}
				},
				"url": {
					"raw": "http://localhost:8090/consumer-tickets-ms/tickets/tickets-pricecalc-v1/tickets/purchase",
					"protocol": "http",
					"host": [
						"localhost"
					],
					"port": "8090",
					"path": [
						"consumer-tickets-ms",
						"tickets",
						"tickets-pricecalc-v1",
						"tickets",
						"purchase"
					]
				}
			},
			"response": []
		},
		{
			"name": "valid purchase Adult-infant",
			"request": {
				"method": "POST",
				"header": [],
				"body": {
					"mode": "raw",
					"raw": "{\r\n    \"accountId\": null,\r\n    \"ticketRequests\": [\r\n        {\r\n            \"type\": \"ADULT\",\r\n            \"noOfTickets\": 15\r\n        },\r\n          {\r\n            \"type\": \"CHILD\",\r\n            \"noOfTickets\": 7\r\n        }\r\n    ]\r\n}",
					"options": {
						"raw": {
							"language": "json"
						}
					}
				},
				"url": {
					"raw": "http://localhost:8090/consumer-tickets-ms/tickets/tickets-pricecalc-v1/tickets/purchase",
					"protocol": "http",
					"host": [
						"localhost"
					],
					"port": "8090",
					"path": [
						"consumer-tickets-ms",
						"tickets",
						"tickets-pricecalc-v1",
						"tickets",
						"purchase"
					]
				}
			},
			"response": []
		},
		{
			"name": "valid purchase with infant",
			"request": {
				"method": "POST",
				"header": [],
				"body": {
					"mode": "raw",
					"raw": "{\r\n    \"accountId\": null,\r\n    \"ticketRequests\": [\r\n        {\r\n            \"type\": \"ADULT\",\r\n            \"noOfTickets\": 15\r\n        },\r\n          {\r\n            \"type\": \"CHILD\",\r\n            \"noOfTickets\": 7\r\n        }\r\n    ]\r\n}",
					"options": {
						"raw": {
							"language": "json"
						}
					}
				},
				"url": {
					"raw": "http://localhost:8090/consumer-tickets-ms/tickets/tickets-pricecalc-v1/tickets/purchase",
					"protocol": "http",
					"host": [
						"localhost"
					],
					"port": "8090",
					"path": [
						"consumer-tickets-ms",
						"tickets",
						"tickets-pricecalc-v1",
						"tickets",
						"purchase"
					]
				}
			},
			"response": []
		}
	]
}